"Freq [GHz]","Phi [deg]","Theta [deg]","db(GainPhi) []"
27,0,-180,-8.73258832740087
27,0,-178,-8.70883903563669
27,0,-176,-8.79708855616468
27,0,-174,-9.01698107906834
27,0,-172,-9.39392496945165
27,0,-170,-9.95504521716822
27,0,-168,-10.7202986519484
27,0,-166,-11.6816059788272
27,0,-164,-12.7552169420184
27,0,-162,-13.7019665372288
27,0,-160,-14.1231571055517
27,0,-158,-13.7759366533452
27,0,-156,-12.8979771766256
27,0,-154,-11.9286753816651
27,0,-152,-11.1639233183854
27,0,-150,-10.7392009631961
27,0,-148,-10.7089437542307
27,0,-146,-11.0939489248853
27,0,-144,-11.894829514168
27,0,-142,-13.0808811112542
27,0,-140,-14.5527460155267
27,0,-138,-16.0864183204081
27,0,-136,-17.3454746317326
27,0,-134,-18.1057302475765
27,0,-132,-18.4690902510741
27,0,-130,-18.6710401049731
27,0,-128,-18.8101828380161
27,0,-126,-18.8449960301851
27,0,-124,-18.7461411613815
27,0,-122,-18.5984371593664
27,0,-120,-18.5525372848228
27,0,-118,-18.7153972155375
27,0,-116,-19.0674584876898
27,0,-114,-19.3905854529159
27,0,-112,-19.2706521277588
27,0,-110,-18.415188742422
27,0,-108,-17.0123127193018
27,0,-106,-15.4723370463105
27,0,-104,-14.0641771411843
27,0,-102,-12.8901043608193
27,0,-100,-11.9678313992386
27,0,-98,-11.2814784731253
27,0,-96,-10.8001199563886
27,0,-94,-10.4797793359403
27,0,-92,-10.2586058116625
27,0,-90,-10.053865483962
27,0,-88,-9.77278077454719
27,0,-86,-9.34528644633739
27,0,-84,-8.76219091565499
27,0,-82,-8.08138680535356
27,0,-80,-7.39305364344933
27,0,-78,-6.77686254351926
27,0,-76,-6.2777748640056
27,0,-74,-5.89905746412091
27,0,-72,-5.60335564589866
27,0,-70,-5.32135029494946
27,0,-68,-4.9754693873503
27,0,-66,-4.51835092836791
27,0,-64,-3.96195018106284
27,0,-62,-3.36963474007448
27,0,-60,-2.81968678241641
27,0,-58,-2.37208667915862
27,0,-56,-2.05339929728885
27,0,-54,-1.85454238018118
27,0,-52,-1.7346755800704
27,0,-50,-1.63144669889871
27,0,-48,-1.48115759188444
27,0,-46,-1.24523464898523
27,0,-44,-0.926809331036033
27,0,-42,-0.563531545515782
27,0,-40,-0.203677084440833
27,0,-38,0.115626984249544
27,0,-36,0.37825213413312
27,0,-34,0.588712366359745
27,0,-32,0.766150932909046
27,0,-30,0.935567069715311
27,0,-28,1.1183772042131
27,0,-26,1.32513295020748
27,0,-24,1.55322933401801
27,0,-22,1.79014629257644
27,0,-20,2.01974094873243
27,0,-18,2.22811537230054
27,0,-16,2.4069587660285
27,0,-14,2.55415137551685
27,0,-12,2.67245564148826
27,0,-10,2.76730573248084
27,0,-8,2.84453492004581
27,0,-6,2.90863916628098
27,0,-4,2.96190048974547
27,0,-2,3.00437782266374
27,0,0,3.03448956251442
27,0,2,3.04977457877787
27,0,4,3.04747622212037
27,0,6,3.02479166694262
27,0,8,2.97885571568571
27,0,10,2.90668568888917
27,0,12,2.80535166344088
27,0,14,2.67255364804254
27,0,16,2.50761797753132
27,0,18,2.31270982423342
27,0,20,2.09382541390407
27,0,22,1.86091768705382
27,0,24,1.62645826098289
27,0,26,1.40211721850526
27,0,28,1.19424217373068
27,0,30,1.00004706808206
27,0,32,0.806778551025854
27,0,34,0.594879066541171
27,0,36,0.344185310738611
27,0,38,0.0411694126399439
27,0,40,-0.314463676643608
27,0,42,-0.705143521334571
27,0,44,-1.09497797700161
27,0,46,-1.43724326610579
27,0,48,-1.69202471768674
27,0,50,-1.84770053181457
27,0,52,-1.93111876459588
27,0,54,-1.9974402889385
27,0,56,-2.10822079624647
27,0,58,-2.31262732103114
27,0,60,-2.63780227997189
27,0,62,-3.08573820808337
27,0,64,-3.63296062486274
27,0,66,-4.23277459726824
27,0,68,-4.82370890118011
27,0,70,-5.3478762228658
27,0,72,-5.77492338997852
27,0,74,-6.11630463500854
27,0,76,-6.41807745348313
27,0,78,-6.73918828490314
27,0,80,-7.13158702339403
27,0,82,-7.62979585343239
27,0,84,-8.24693087659018
27,0,86,-8.97147973185395
27,0,88,-9.76210397809781
27,0,90,-10.5441661410199
27,0,92,-11.2209323120061
27,0,94,-11.7133073290657
27,0,96,-12.0126138736214
27,0,98,-12.1957656548961
27,0,100,-12.3850681609748
27,0,102,-12.6973408767997
27,0,104,-13.2195662786173
27,0,106,-14.0065279245364
27,0,108,-15.0811631099668
27,0,110,-16.4210701576825
27,0,112,-17.9175387568706
27,0,114,-19.3192001040573
27,0,116,-20.2812013359173
27,0,118,-20.653635166508
27,0,120,-20.6426879716633
27,0,122,-20.5201814534601
27,0,124,-20.3695944010711
27,0,126,-20.1204164631277
27,0,128,-19.716770204022
27,0,130,-19.2191289169665
27,0,132,-18.7173405395286
27,0,134,-18.1708627798043
27,0,136,-17.3716237426855
27,0,138,-16.1497082095175
27,0,140,-14.6252294634946
27,0,142,-13.1070721013308
27,0,144,-11.8455282664682
27,0,146,-10.9671599119356
27,0,148,-10.5180746536552
27,0,150,-10.5046983504419
27,0,152,-10.9086681690719
27,0,154,-11.6755304581971
27,0,156,-12.6699272581944
27,0,158,-13.602043086896
27,0,160,-14.0465161884487
27,0,162,-13.7636164750951
27,0,164,-12.9633894564787
27,0,166,-12.0133857698903
27,0,168,-11.1369444315189
27,0,170,-10.4097644922379
27,0,172,-9.83644760773739
27,0,174,-9.39872424540121
27,0,176,-9.07662430441041
27,0,178,-8.85634904486485
27,0,180,-8.73258832740087
28,0,-180,-8.01583964950246
28,0,-178,-7.93873847677922
28,0,-176,-7.86316699085758
28,0,-174,-7.82879835194744
28,0,-172,-7.88449324984673
28,0,-170,-8.08153951134153
28,0,-168,-8.46908657063051
28,0,-166,-9.09154730877147
28,0,-164,-9.98484324129983
28,0,-162,-11.1628195716947
28,0,-160,-12.5721155364049
28,0,-158,-13.9803430691297
28,0,-156,-14.87055338972
28,0,-154,-14.7952700059912
28,0,-152,-14.0231789967786
28,0,-150,-13.1751736293312
28,0,-148,-12.6355404138689
28,0,-146,-12.5538621674665
28,0,-144,-12.9793105561643
28,0,-142,-13.9241150370565
28,0,-140,-15.373266516652
28,0,-138,-17.2543103979214
28,0,-136,-19.3492599100294
28,0,-134,-21.1412451690842
28,0,-132,-21.8542791842651
28,0,-130,-21.1765664932323
28,0,-128,-19.6587830094769
28,0,-126,-17.9755397862115
28,0,-124,-16.503811114465
28,0,-122,-15.395407640332
28,0,-120,-14.6885978979874
28,0,-118,-14.3649604003292
28,0,-116,-14.3675209901991
28,0,-114,-14.5946510271374
28,0,-112,-14.8826756497932
28,0,-110,-15.0113442193984
28,0,-108,-14.7876885981983
28,0,-106,-14.1765113479545
28,0,-104,-13.3114073724102
28,0,-102,-12.3695369579166
28,0,-100,-11.4774377536402
28,0,-98,-10.7009216437892
28,0,-96,-10.0666754589398
28,0,-94,-9.57965911497896
28,0,-92,-9.22925494447159
28,0,-90,-8.98700518603955
28,0,-88,-8.8015509560268
28,0,-86,-8.5998827974437
28,0,-84,-8.30628921550485
28,0,-82,-7.87918348752443
28,0,-80,-7.3393582070338
28,0,-78,-6.75942291964311
28,0,-76,-6.2233928590941
28,0,-74,-5.78983732949902
28,0,-72,-5.47314901656432
28,0,-70,-5.23813885746544
28,0,-68,-5.00653535748941
28,0,-66,-4.68518738091335
28,0,-64,-4.21741932982345
28,0,-62,-3.62282491191769
28,0,-60,-2.98417913148466
28,0,-58,-2.3970628007426
28,0,-56,-1.92945159090328
28,0,-54,-1.60746389428578
28,0,-52,-1.41620574936666
28,0,-50,-1.30634177796343
28,0,-48,-1.20737087151125
28,0,-46,-1.05178956078611
28,0,-44,-0.804176765263842
28,0,-42,-0.475497775701328
28,0,-40,-0.110195059722125
28,0,-38,0.241348253412925
28,0,-36,0.5441673446075
28,0,-34,0.786357836546112
28,0,-32,0.976720108960306
28,0,-30,1.13729739126489
28,0,-28,1.29360529241314
28,0,-26,1.46496654336639
28,0,-24,1.65819767178411
28,0,-22,1.86716513190877
28,0,-20,2.07764039122408
28,0,-18,2.27407982549908
28,0,-16,2.44491087609017
28,0,-14,2.58486282663703
28,0,-12,2.69467470498324
28,0,-10,2.77922401819561
28,0,-8,2.84509741739298
28,0,-6,2.89838167714702
28,0,-4,2.94317908791205
28,0,-2,2.98103743043353
28,0,0,3.0111562920937
28,0,2,3.03100526462645
28,0,4,3.03696956396419
28,0,6,3.0248102324764
28,0,8,2.98996548471846
28,0,10,2.92788765964029
28,0,12,2.83463313645687
28,0,14,2.70780981156959
28,0,16,2.54779180650597
28,0,18,2.35887837284989
28,0,20,2.14982878914576
28,0,22,1.93302807058635
28,0,24,1.72167605069877
28,0,26,1.52518781899404
28,0,28,1.34439399400366
28,0,30,1.16914463149879
28,0,32,0.980242659461364
28,0,34,0.755426540617418
28,0,36,0.47729895377987
28,0,38,0.140951933273948
28,0,40,-0.240350650107228
28,0,42,-0.633479682194951
28,0,44,-0.991368305038417
28,0,46,-1.26963830594427
28,0,48,-1.44943947440568
28,0,50,-1.55148238106556
28,0,52,-1.6290743634998
28,0,54,-1.74608202378786
28,0,56,-1.95575722574263
28,0,58,-2.28867478856437
28,0,60,-2.74793352253563
28,0,62,-3.30771239711086
28,0,64,-3.91511233312395
28,0,66,-4.50007756682472
28,0,68,-4.99803963845144
28,0,70,-5.37855076532282
28,0,72,-5.65930998955469
28,0,74,-5.89303157459284
28,0,76,-6.14017786892265
28,0,78,-6.44817881931636
28,0,80,-6.8435373273594
28,0,82,-7.33145737378532
28,0,84,-7.89665693239085
28,0,86,-8.50297396731462
28,0,88,-9.09439577694654
28,0,90,-9.60490999103773
28,0,92,-9.98343619299885
28,0,94,-10.2250482282951
28,0,96,-10.3829291764441
28,0,98,-10.5482772820051
28,0,100,-10.8168429660834
28,0,102,-11.2653465623041
28,0,104,-11.9409290241517
28,0,106,-12.8524906217913
28,0,108,-13.9499707240725
28,0,110,-15.0849067251105
28,0,112,-15.9911115811339
28,0,114,-16.4119833899256
28,0,116,-16.3601961953092
28,0,118,-16.1281468687391
28,0,120,-16.0297688354551
28,0,122,-16.2592247245998
28,0,124,-16.8974494061801
28,0,126,-17.9297859353014
28,0,128,-19.2187189530411
28,0,130,-20.4364906712502
28,0,132,-21.0530876453873
28,0,134,-20.6026518532239
28,0,136,-19.1436959139767
28,0,138,-17.2128549700951
28,0,140,-15.3352058613579
28,0,142,-13.8086374317867
28,0,144,-12.7606012698528
28,0,146,-12.2329786419002
28,0,148,-12.2237328573836
28,0,150,-12.6832948210746
28,0,152,-13.4530711108386
28,0,154,-14.1428596610442
28,0,156,-14.1690803688952
28,0,158,-13.3264668678913
28,0,160,-12.0510030301304
28,0,162,-10.8115869261047
28,0,164,-9.8116322103017
28,0,166,-9.08749231057107
28,0,168,-8.61027968895267
28,0,170,-8.32927300902998
28,0,172,-8.18745318864162
28,0,174,-8.12844363332996
28,0,176,-8.10218460037543
28,0,178,-8.07109536098895
28,0,180,-8.01583964950246
29,0,-180,-9.2870351472993
29,0,-178,-9.10846238493859
29,0,-176,-8.80398751135357
29,0,-174,-8.44929958813837
29,0,-172,-8.12644589341346
29,0,-170,-7.90839508289339
29,0,-168,-7.85325280208215
29,0,-166,-8.00565335746318
29,0,-164,-8.40167966869679
29,0,-162,-9.07404520172756
29,0,-160,-10.0533963737794
29,0,-158,-11.3564365202831
29,0,-156,-12.936271705452
29,0,-154,-14.550090719817
29,0,-152,-15.6226406336462
29,0,-150,-15.6697757370059
29,0,-148,-15.0423181434055
29,0,-146,-14.4160658276148
29,0,-144,-14.1485487661937
29,0,-142,-14.3293217402126
29,0,-140,-14.9266828496966
29,0,-138,-15.8534461452325
29,0,-136,-17.0023571258509
29,0,-134,-18.2694943647037
29,0,-132,-19.4954514548851
29,0,-130,-20.2526569860789
29,0,-128,-19.903961019616
29,0,-126,-18.5063130351141
29,0,-124,-16.8251982366416
29,0,-122,-15.3854538416093
29,0,-120,-14.3439214528786
29,0,-118,-13.6947283920966
29,0,-116,-13.3751631115753
29,0,-114,-13.2960099396536
29,0,-112,-13.3455528938693
29,0,-110,-13.3942474282123
29,0,-108,-13.3195832741418
29,0,-106,-13.0504441054652
29,0,-104,-12.5936247692467
29,0,-102,-12.010928163863
29,0,-100,-11.3729131652457
29,0,-98,-10.7324003246361
29,0,-96,-10.1246335860825
29,0,-94,-9.57696244393538
29,0,-92,-9.11378385963762
29,0,-90,-8.75288634337317
29,0,-88,-8.49599209034708
29,0,-86,-8.31842803594625
29,0,-84,-8.16470341239411
29,0,-82,-7.96037550624003
29,0,-80,-7.64671659534507
29,0,-78,-7.22054861430728
29,0,-76,-6.74130583889889
29,0,-74,-6.29587304616664
29,0,-72,-5.95349724978808
29,0,-70,-5.73663010850482
29,0,-68,-5.60760679066574
29,0,-66,-5.4702227062687
29,0,-64,-5.20282980935942
29,0,-62,-4.73133220905925
29,0,-60,-4.08821033118699
29,0,-58,-3.38829422881727
29,0,-56,-2.75317225261541
29,0,-54,-2.26078124168141
29,0,-52,-1.93476360777011
29,0,-50,-1.75078632189475
29,0,-48,-1.64699771821782
29,0,-46,-1.54151989629767
29,0,-44,-1.36216065012302
29,0,-42,-1.078623018975
29,0,-40,-0.712860534514671
29,0,-38,-0.318343194913954
29,0,-36,0.0516210861101093
29,0,-34,0.364228391571566
29,0,-32,0.612030709705315
29,0,-30,0.80821640594666
29,0,-28,0.977432943807111
29,0,-26,1.14497781203352
29,0,-24,1.32729961511914
29,0,-22,1.52729953447539
29,0,-20,1.73606182500999
29,0,-18,1.93901455018651
29,0,-16,2.12255327202799
29,0,-14,2.27824136832349
29,0,-12,2.40395025454886
29,0,-10,2.50273458088625
29,0,-8,2.58057054104531
29,0,-6,2.64390520979528
29,0,-4,2.69768594278993
29,0,-2,2.74423662149647
29,0,0,2.78301417203113
29,0,2,2.81099853882853
29,0,4,2.82336868660012
29,0,6,2.81422455203115
29,0,8,2.77731971393391
29,0,10,2.70691704104164
29,0,12,2.59888379358651
29,0,14,2.45201492207156
29,0,16,2.26936651862314
29,0,18,2.05912985822241
29,0,20,1.83432103210826
29,0,22,1.61048179737628
29,0,24,1.40108894459754
29,0,26,1.21175183788311
29,0,28,1.03591416220725
29,0,30,0.85498126629076
29,0,32,0.643691716211297
29,0,34,0.378819722340104
29,0,36,0.0483117729292257
29,0,38,-0.341340366990451
29,0,40,-0.761464938336397
29,0,42,-1.16476927635958
29,0,44,-1.50028220344053
29,0,46,-1.73789547898067
29,0,48,-1.8882034186355
29,0,50,-2.0009184933256
29,0,52,-2.14310164358006
29,0,54,-2.37428231232602
29,0,56,-2.73037029624449
29,0,58,-3.215912188237
29,0,60,-3.8004696402879
29,0,62,-4.41967159129426
29,0,64,-4.98860238030389
29,0,66,-5.43407468944134
29,0,68,-5.73231951528137
29,0,70,-5.91945272052728
29,0,72,-6.06414208660851
29,0,74,-6.23054081615034
29,0,76,-6.45812784805076
29,0,78,-6.75985515713908
29,0,80,-7.12869870809514
29,0,82,-7.54512057058545
29,0,84,-7.98228624145542
29,0,86,-8.40887068715736
29,0,88,-8.79193155020695
29,0,90,-9.10399143300861
29,0,92,-9.33588981139274
29,0,94,-9.50930858026457
29,0,96,-9.67825017942661
29,0,98,-9.91597223007155
29,0,100,-10.2951302077731
29,0,102,-10.8695286750967
29,0,104,-11.657100403987
29,0,106,-12.6164001652296
29,0,108,-13.6132539925511
29,0,110,-14.4108080797384
29,0,112,-14.7760389133959
29,0,114,-14.6877808369199
29,0,116,-14.3671981214647
29,0,118,-14.0864389669268
29,0,120,-14.0387155141899
29,0,122,-14.3300586982838
29,0,124,-14.9945481366247
29,0,126,-15.9802661155714
29,0,128,-17.1014555980797
29,0,130,-18.0193651252063
29,0,132,-18.4015339752315
29,0,134,-18.1773893249514
29,0,136,-17.5011702674475
29,0,138,-16.5744504982373
29,0,140,-15.620945645361
29,0,142,-14.8712146441062
29,0,144,-14.5032856826019
29,0,146,-14.6007281675544
29,0,148,-15.0963998626351
29,0,150,-15.6221081380395
29,0,152,-15.4513390742002
29,0,154,-14.2293162823247
29,0,156,-12.5125359554897
29,0,158,-10.9062135141007
29,0,160,-9.64441147779916
29,0,162,-8.75960564457937
29,0,164,-8.22019074168951
29,0,166,-7.97861619996632
29,0,168,-7.98240616759702
29,0,170,-8.17297917543782
29,0,172,-8.48157685512301
29,0,174,-8.82754184717511
29,0,176,-9.12379115827554
29,0,178,-9.29247278933434
29,0,180,-9.28703514729931
