"d [mm]","dw [mm]","w [mm]","w_inset [mm]","Freq [GHz]","db(S11) []"
0.31872271467571,0.847852902077836,3.13475998969076,0.344836594189614,27,-5.95947125150624
0.31872271467571,0.847852902077836,3.13475998969076,0.344836594189614,27.2,-7.21124209642546
0.31872271467571,0.847852902077836,3.13475998969076,0.344836594189614,27.4,-8.80597445184792
0.31872271467571,0.847852902077836,3.13475998969076,0.344836594189614,27.6,-10.7503524497466
0.31872271467571,0.847852902077836,3.13475998969076,0.344836594189614,27.8,-12.7178320021127
0.31872271467571,0.847852902077836,3.13475998969076,0.344836594189614,28,-13.5400242387435
0.31872271467571,0.847852902077836,3.13475998969076,0.344836594189614,28.2,-12.3566235299495
0.31872271467571,0.847852902077836,3.13475998969076,0.344836594189614,28.4,-10.3055610010872
0.31872271467571,0.847852902077836,3.13475998969076,0.344836594189614,28.6,-8.39368480135344
0.31872271467571,0.847852902077836,3.13475998969076,0.344836594189614,28.8,-6.84795783684779
0.31872271467571,0.847852902077836,3.13475998969076,0.344836594189614,29,-5.63969171401273
0.31872271467571,0.847852902077836,3.13475998969076,0.351622938864179,27,-5.90821662854158
0.31872271467571,0.847852902077836,3.13475998969076,0.351622938864179,27.2,-7.12032209005495
0.31872271467571,0.847852902077836,3.13475998969076,0.351622938864179,27.4,-8.6501310508606
0.31872271467571,0.847852902077836,3.13475998969076,0.351622938864179,27.6,-10.4919139756911
0.31872271467571,0.847852902077836,3.13475998969076,0.351622938864179,27.8,-12.3388237898715
0.31872271467571,0.847852902077836,3.13475998969076,0.351622938864179,28,-13.1737884706388
0.31872271467571,0.847852902077836,3.13475998969076,0.351622938864179,28.2,-12.1870323332653
0.31872271467571,0.847852902077836,3.13475998969076,0.351622938864179,28.4,-10.2871224840095
0.31872271467571,0.847852902077836,3.13475998969076,0.351622938864179,28.6,-8.44036615405334
0.31872271467571,0.847852902077836,3.13475998969076,0.351622938864179,28.8,-6.91706075531223
0.31872271467571,0.847852902077836,3.13475998969076,0.351622938864179,29,-5.71359489074921
0.324995141192639,0.847852902077836,3.13475998969076,0.344836594189614,27,-5.88146453387815
0.324995141192639,0.847852902077836,3.13475998969076,0.344836594189614,27.2,-7.11773549294815
0.324995141192639,0.847852902077836,3.13475998969076,0.344836594189614,27.4,-8.70328737330263
0.324995141192639,0.847852902077836,3.13475998969076,0.344836594189614,27.6,-10.661272493722
0.324995141192639,0.847852902077836,3.13475998969076,0.344836594189614,27.8,-12.7123741348621
0.324995141192639,0.847852902077836,3.13475998969076,0.344836594189614,28,-13.7032008672205
0.324995141192639,0.847852902077836,3.13475998969076,0.344836594189614,28.2,-12.5899178024127
0.324995141192639,0.847852902077836,3.13475998969076,0.344836594189614,28.4,-10.4921133834781
0.324995141192639,0.847852902077836,3.13475998969076,0.344836594189614,28.6,-8.52405852990516
0.324995141192639,0.847852902077836,3.13475998969076,0.344836594189614,28.8,-6.94233507658529
0.324995141192639,0.847852902077836,3.13475998969076,0.344836594189614,29,-5.71871426058274
0.31872271467571,0.864538550073961,3.13475998969076,0.344836594189614,27,-5.87702481042173
0.31872271467571,0.864538550073961,3.13475998969076,0.344836594189614,27.2,-7.11149805502414
0.31872271467571,0.864538550073961,3.13475998969076,0.344836594189614,27.4,-8.6906199825175
0.31872271467571,0.864538550073961,3.13475998969076,0.344836594189614,27.6,-10.6364144055731
0.31872271467571,0.864538550073961,3.13475998969076,0.344836594189614,27.8,-12.6701203865599
0.31872271467571,0.864538550073961,3.13475998969076,0.344836594189614,28,-13.658657878611
0.31872271467571,0.864538550073961,3.13475998969076,0.344836594189614,28.2,-12.5759228528997
0.31872271467571,0.864538550073961,3.13475998969076,0.344836594189614,28.4,-10.5058340618531
0.31872271467571,0.864538550073961,3.13475998969076,0.344836594189614,28.6,-8.54924554647631
0.31872271467571,0.864538550073961,3.13475998969076,0.344836594189614,28.8,-6.96593498559839
0.31872271467571,0.864538550073961,3.13475998969076,0.344836594189614,29,-5.72986742763852
0.31872271467571,0.847852902077836,3.1964517072188,0.344836594189614,27,-6.20350209803353
0.31872271467571,0.847852902077836,3.1964517072188,0.344836594189614,27.2,-7.56063668043765
0.31872271467571,0.847852902077836,3.1964517072188,0.344836594189614,27.4,-9.31400387612501
0.31872271467571,0.847852902077836,3.1964517072188,0.344836594189614,27.6,-11.4788533145286
0.31872271467571,0.847852902077836,3.1964517072188,0.344836594189614,27.8,-13.6084898512306
0.31872271467571,0.847852902077836,3.1964517072188,0.344836594189614,28,-14.1221343010466
0.31872271467571,0.847852902077836,3.1964517072188,0.344836594189614,28.2,-12.3973167059994
0.31872271467571,0.847852902077836,3.1964517072188,0.344836594189614,28.4,-10.1101645408184
0.31872271467571,0.847852902077836,3.1964517072188,0.344836594189614,28.6,-8.15295804024476
0.31872271467571,0.847852902077836,3.1964517072188,0.344836594189614,28.8,-6.62302627089161
0.31872271467571,0.847852902077836,3.1964517072188,0.344836594189614,29,-5.44550229202661
0.338918815438405,0.887048628164362,3.44823598865984,0.310352934770653,27,-7.64096414066899
0.338918815438405,0.887048628164362,3.44823598865984,0.310352934770653,27.2,-9.93524002052886
0.338918815438405,0.887048628164362,3.44823598865984,0.310352934770653,27.4,-13.4919390365481
0.338918815438405,0.887048628164362,3.44823598865984,0.310352934770653,27.6,-19.5874880252242
0.338918815438405,0.887048628164362,3.44823598865984,0.310352934770653,27.8,-21.6540905859733
0.338918815438405,0.887048628164362,3.44823598865984,0.310352934770653,28,-14.7436386609778
0.338918815438405,0.887048628164362,3.44823598865984,0.310352934770653,28.2,-10.6332520788342
0.338918815438405,0.887048628164362,3.44823598865984,0.310352934770653,28.4,-8.04643690275017
0.338918815438405,0.887048628164362,3.44823598865984,0.310352934770653,28.6,-6.28554689785666
0.338918815438405,0.887048628164362,3.44823598865984,0.310352934770653,28.8,-5.03214288801913
0.338918815438405,0.887048628164362,3.44823598865984,0.310352934770653,29,-4.11379709111281
0.338918815438405,0.887048628164362,3.44823598865984,0.316475050395162,27,-7.38134611258854
0.338918815438405,0.887048628164362,3.44823598865984,0.316475050395162,27.2,-9.51655971013489
0.338918815438405,0.887048628164362,3.44823598865984,0.316475050395162,27.4,-12.7451720908358
0.338918815438405,0.887048628164362,3.44823598865984,0.316475050395162,27.6,-18.022001492822
0.338918815438405,0.887048628164362,3.44823598865984,0.316475050395162,27.8,-21.8128012451047
0.338918815438405,0.887048628164362,3.44823598865984,0.316475050395162,28,-15.5594624023109
0.338918815438405,0.887048628164362,3.44823598865984,0.316475050395162,28.2,-11.20335137221
0.338918815438405,0.887048628164362,3.44823598865984,0.316475050395162,28.4,-8.45632632598963
0.338918815438405,0.887048628164362,3.44823598865984,0.316475050395162,28.6,-6.59099882246149
0.338918815438405,0.887048628164362,3.44823598865984,0.316475050395162,28.8,-5.2651809363206
0.338918815438405,0.887048628164362,3.44823598865984,0.316475050395162,29,-4.29461799591183
0.34457731382367,0.887048628164362,3.44823598865984,0.310352934770653,27,-7.31857699251877
0.34457731382367,0.887048628164362,3.44823598865984,0.310352934770653,27.2,-9.47636602431352
0.34457731382367,0.887048628164362,3.44823598865984,0.310352934770653,27.4,-12.7914546052908
0.34457731382367,0.887048628164362,3.44823598865984,0.310352934770653,27.6,-18.531401301496
0.34457731382367,0.887048628164362,3.44823598865984,0.310352934770653,27.8,-23.5006573675283
0.34457731382367,0.887048628164362,3.44823598865984,0.310352934770653,28,-15.8063111463477
0.34457731382367,0.887048628164362,3.44823598865984,0.310352934770653,28.2,-11.2128696217254
0.34457731382367,0.887048628164362,3.44823598865984,0.310352934770653,28.4,-8.40830431236759
0.34457731382367,0.887048628164362,3.44823598865984,0.310352934770653,28.6,-6.5259809442423
0.34457731382367,0.887048628164362,3.44823598865984,0.310352934770653,28.8,-5.1967940603009
0.34457731382367,0.887048628164362,3.44823598865984,0.310352934770653,29,-4.22827126244352
0.338918815438405,0.902101130092979,3.44823598865984,0.310352934770653,27,-7.55260450922526
0.338918815438405,0.902101130092979,3.44823598865984,0.310352934770653,27.2,-9.80495807164317
0.338918815438405,0.902101130092979,3.44823598865984,0.310352934770653,27.4,-13.2832198704691
0.338918815438405,0.902101130092979,3.44823598865984,0.310352934770653,27.6,-19.2405601608146
0.338918815438405,0.902101130092979,3.44823598865984,0.310352934770653,27.8,-22.0415446405725
0.338918815438405,0.902101130092979,3.44823598865984,0.310352934770653,28,-15.0106924571892
0.338918815438405,0.902101130092979,3.44823598865984,0.310352934770653,28.2,-10.7909191802298
0.338918815438405,0.902101130092979,3.44823598865984,0.310352934770653,28.4,-8.15036901340387
0.338918815438405,0.902101130092979,3.44823598865984,0.310352934770653,28.6,-6.35833985746411
0.338918815438405,0.902101130092979,3.44823598865984,0.310352934770653,28.8,-5.08504043943082
0.338918815438405,0.902101130092979,3.44823598865984,0.310352934770653,29,-4.15326565513109
0.338918815438405,0.887048628164362,3.50388948783986,0.310352934770653,27,-7.82127920566101
0.338918815438405,0.887048628164362,3.50388948783986,0.310352934770653,27.2,-10.250939916315
0.338918815438405,0.887048628164362,3.50388948783986,0.310352934770653,27.4,-14.1255185036427
0.338918815438405,0.887048628164362,3.50388948783986,0.310352934770653,27.6,-21.4085011431717
0.338918815438405,0.887048628164362,3.50388948783986,0.310352934770653,27.8,-22.0116086662624
0.338918815438405,0.887048628164362,3.50388948783986,0.310352934770653,28,-14.3852123613991
0.338918815438405,0.887048628164362,3.50388948783986,0.310352934770653,28.2,-10.3521163587809
0.338918815438405,0.887048628164362,3.50388948783986,0.310352934770653,28.4,-7.83734028029085
0.338918815438405,0.887048628164362,3.50388948783986,0.310352934770653,28.6,-6.12719641871978
0.338918815438405,0.887048628164362,3.50388948783986,0.310352934770653,28.8,-4.90928075857499
0.338918815438405,0.887048628164362,3.50388948783986,0.310352934770653,29,-4.01601917568885
